date,distance_mi,duration_min,rpe,notes
2023-06-11,3.29,29.4,4.5,Morning Run
2023-06-12,2.12,17.7,6.0,Morning Run
2023-06-12,3.19,29.6,4.5,Morning Run
2023-06-13,2.03,15.8,6.0,Morning Run
2023-06-13,3.14,26.6,6.0,Morning Run
2023-06-14,4.53,37.0,6.0,Morning Run
2023-06-15,5.01,40.6,6.0,Morning Run
2023-06-16,4.09,32.9,6.0,Morning Run
2023-06-17,6.57,53.0,6.0,Morning Run
2023-06-19,7.01,57.1,6.0,Morning Run
2023-06-20,6.09,49.1,6.0,Morning Run
2023-06-21,6.01,48.2,6.0,Morning Run
2023-06-22,6.01,47.9,6.0,Morning Run
2023-06-23,6.01,47.6,6.0,Morning Run
2023-06-24,7.01,57.1,6.0,Morning Run
2023-06-26,6.09,48.4,6.0,Morning Run
2023-06-27,3.51,28.8,6.0,Morning Run
2023-06-27,2.77,25.3,4.5,Morning Run
2023-06-28,6.14,53.6,4.5,Morning Run
2023-06-29,6.01,50.5,6.0,Morning Run
2023-06-30,6.09,52.0,4.5,Morning Run
2023-07-01,8.11,64.8,6.0,Morning Run
2023-07-03,6.01,51.3,4.5,Morning Run
2023-07-04,6.01,49.9,6.0,Morning Run
2023-07-05,5.01,39.2,6.0,Morning Run
2023-07-06,2.01,16.4,6.0,Morning Run
2023-07-06,4.07,35.3,4.5,Morning Run
2023-07-07,5.26,42.5,6.0,Morning Run
2023-07-08,9.01,77.3,4.5,Afternoon Run
2023-07-10,0.66,6.3,4.5,Morning Run
2023-07-10,3.65,24.5,9.0,Morning Run
2023-07-10,1.49,12.6,6.0,Morning Run
2023-07-11,3.14,26.3,6.0,Morning Run
2023-07-11,3.1,26.6,4.5,Morning Run
2023-07-12,1.01,9.7,4.5,Morning Run
2023-07-12,3.76,26.3,7.5,Morning Run
2023-07-12,1.01,9.7,4.5,Morning Run
2023-07-13,4.42,40.0,4.5,Morning Run
2023-07-14,3.55,29.7,6.0,Fartlek + Cool Down
2023-07-14,1.06,10.1,4.5,Warm up
2023-07-15,7.02,57.1,6.0,Morning Run
2023-07-17,0.77,8.4,3.0,CD
2023-07-17,3.48,23.9,7.5,5x1200m repeats w 3min rest in between
2023-07-17,0.82,9.8,3.0,WU
2023-07-18,6.05,48.9,6.0,Morning Run
2023-07-19,0.6,5.4,4.5,Cool Down
2023-07-19,3.57,25.0,7.5,"3000m, 3min rest,  2000m, 3min rest and then 1000m"
2023-07-19,1.43,11.8,6.0,Warm Up
2023-07-20,3.16,26.3,6.0,Morning Run Pt 2.
2023-07-20,2.86,24.6,4.5,Morning Run Pt 1.
2023-07-21,0.3,2.7,4.5,CD
2023-07-21,5.27,40.0,7.5,"21min slow, 19min back faster"
2023-07-22,8.01,65.4,6.0,Morning Run
2023-07-24,1.15,12.1,3.0,CD
2023-07-24,1.11,8.1,7.5,8 hill sprints рҹ’Җ
2023-07-24,1.12,9.8,4.5,WU
2023-07-25,5.26,50.8,4.5,Easy Run on the treadmill!
2023-07-26,1.31,12.9,4.5,cool down
2023-07-26,3.68,25.8,7.5,6x1k repeats in the heat! рҹҘө
2023-07-26,1.15,11.1,4.5,warm up
2023-07-27,3.57,30.0,6.0,Recovery run
2023-07-28,1.15,11.5,3.0,Cool Down
2023-07-28,3.9,28.7,7.5,4x1mi repeats
2023-07-28,1.09,10.0,4.5,Warm Up
2023-07-29,8.01,65.9,6.0,Morning Run
2023-07-31,0.72,6.9,4.5,Cool Down
2023-07-31,4.16,28.8,7.5,6x1200m repeats
2023-07-31,1.12,11.1,4.5,Warm Up
2023-08-01,7.58,73.3,4.5,Easy Run
2023-08-02,0.68,6.1,4.5,Cool Down
2023-08-02,5.01,34.4,7.5,5 mile tempo
2023-08-02,1.08,10.3,4.5,Warm Up
2023-08-03,4.01,35.4,4.5,Recovery Run
2023-08-04,0.53,4.9,4.5,Cool Down
2023-08-04,4.63,35.1,7.5,Fartlek 3x(3-2-1)
2023-08-04,1.02,10.1,4.5,Warm Up
2023-08-05,7.01,57.7,6.0,Morning Run
2023-08-07,0.87,8.5,4.5,Cool Down
2023-08-07,4.15,28.7,7.5,6x1200m repeats
2023-08-07,1.09,11.0,3.0,Warm Up
2023-08-08,8.02,77.2,4.5,Lunch Run
2023-08-09,1.33,13.4,3.0,Cool Down
2023-08-09,3.63,25.1,7.5,3x2k repeats
2023-08-09,1.06,11.4,3.0,Warm Up
2023-08-10,3.96,33.6,6.0,Easy Run
2023-08-11,0.38,4.2,3.0,Cool Down
2023-08-11,5.01,35.3,7.5,5 mile tempo рҹҳ¬ !!!
2023-08-11,0.97,9.5,4.5,Warm Up
2023-08-12,7.03,57.9,6.0,Long Run
2023-08-14,3.38,30.4,4.5,Easy Run
2023-08-15,1.05,8.7,6.0,Cool Down
2023-08-15,2.05,12.5,9.0,2 mile trial!
2023-08-15,1.02,11.3,3.0,Warm Up
2023-08-16,5.06,41.4,6.0,Easy Run
2023-08-17,0.98,10.6,3.0,Cool Down
2023-08-17,3.59,23.1,9.0,6x1k repeats рҹҳҠ
2023-08-17,1.25,11.4,4.5,Warm Up
2023-08-18,6.08,52.5,4.5,Easy Run!
2023-08-19,1.01,9.9,4.5,Cool Down
2023-08-19,4.01,32.6,6.0,Pike lake hilly loops!
2023-08-19,1.99,19.7,4.5,Warm Up
2023-08-21,1.01,11.0,3.0,Cool Down
2023-08-21,4.07,27.8,7.5,3x2k repeats w 1x800m
2023-08-21,1.22,11.8,4.5,Warm Up
2023-08-22,4.1,35.1,4.5,Easy Run
2023-08-23,0.85,7.5,4.5,Cool Down
2023-08-23,0.32,2.0,9.0,4x hill sprints
2023-08-23,3.67,26.0,7.5,Hilly tempo
2023-08-23,1.49,12.9,4.5,Warm Up
2023-08-24,6.32,56.1,4.5,Easy Run
2023-08-25,3.87,39.2,3.0,Premeet!
2023-08-27,1.08,12.8,3.0,Cool Down
2023-08-27,3.1,20.3,9.0,Arrowhead Night Race!
2023-08-27,0.85,8.9,3.0,Warm Up
2023-08-28,1.0,11.5,3.0,Cool Down
2023-08-28,3.94,26.9,7.5,4x1mi repeats
2023-08-28,1.04,11.8,3.0,Warm Up
2023-08-29,4.79,40.7,6.0,Easy Run
2023-08-30,6.56,52.9,6.0,Light Workout
2023-08-31,3.47,29.8,4.5,Pre-meet!
2023-09-01,1.11,10.3,4.5,Cool Down
2023-09-01,3.1,21.3,7.5,Greenfield Park Race!
2023-09-01,1.02,9.4,4.5,Warm Up
2023-09-02,7.13,61.6,4.5,Post Race Long Run!
2023-09-04,1.09,10.7,4.5,CD
2023-09-04,0.4,2.2,9.0,4x200m strides
2023-09-04,3.62,26.4,7.5,Tempo
2023-09-04,1.1,11.2,3.0,WU
2023-09-05,4.68,40.9,4.5,Easy Run
2023-09-06,3.67,36.5,4.5,Premeet!
2023-09-07,1.01,10.0,4.5,Cool Down!
2023-09-07,3.1,20.1,9.0,Rotary Park Race!!
2023-09-07,1.1,10.6,4.5,Warm Up!
2023-09-08,4.55,38.2,6.0,Easy Run
2023-09-09,7.01,52.9,7.5,Long run with uptempo last 3 miles!!!
2023-09-11,1.05,9.5,4.5,Cool Down
2023-09-11,3.74,22.1,9.0,Track workout
2023-09-11,1.09,9.6,4.5,Warm Up
2023-09-12,4.07,35.3,4.5,Easy Run
2023-09-13,1.14,10.1,4.5,Cool Down
2023-09-13,4.17,29.2,7.5,Hilly Fartlek and ended with 4x hill sprints!
2023-09-13,1.33,11.7,4.5,Warm Up
2023-09-14,6.04,49.7,6.0,B-day Run!!!
2023-09-15,3.85,36.5,4.5,Premeet!
2023-09-16,1.02,10.5,3.0,CD
2023-09-16,3.1,22.2,7.5,Tendick Race
2023-09-16,0.98,9.9,3.0,WU
2023-09-18,0.76,8.4,3.0,Cool Down
2023-09-18,3.66,23.1,9.0,6x1000m repeats!
2023-09-18,1.03,8.8,4.5,Warm Up
2023-09-19,6.11,51.0,6.0,Easy Run
2023-09-20,1.25,11.7,4.5,Cool Down
2023-09-20,3.76,26.9,7.5,Hilly Tempo then ended with 3x hill sprints
2023-09-20,2.29,20.8,4.5,Warm Up
2023-09-21,5.16,42.9,6.0,Easy Run
2023-09-22,4.28,37.0,4.5,Premeet
2023-09-23,1.01,10.6,3.0,Cool Down
2023-09-23,3.1,22.4,7.5,Pete Nielsen Laser Race
2023-09-23,0.96,9.4,4.5,Warm Up
2023-09-25,1.0,11.8,3.0,Cool Down
2023-09-25,3.4,22.6,9.0,"1200m, 3x800m, 1200m"
2023-09-25,0.96,9.8,3.0,Warm Up
2023-09-26,5.52,45.0,6.0,Easy Run
2023-09-27,1.0,11.2,3.0,CD
2023-09-27,3.26,19.9,9.0,Track Workout
2023-09-27,0.98,8.3,6.0,WU
2023-09-28,5.44,44.2,6.0,Easy Run
2023-09-29,3.61,31.9,4.5,Premeet
2023-09-30,1.02,10.0,4.5,CD
2023-09-30,3.1,21.9,7.5,Parkside invitational
2023-09-30,1.15,10.6,4.5,WU
2023-10-03,5.02,42.6,6.0,Easy Run
2023-10-04,1.74,14.8,4.5,CD
2023-10-04,3.3,22.1,9.0,Somewhat hilly tempo
2023-10-04,1.15,10.5,4.5,WU
2023-10-05,5.01,41.0,6.0,Easy Run
2023-10-06,1.07,9.0,6.0,Afternoon Run
2023-10-06,0.51,2.7,9.0,Fun 800m
2023-10-06,1.21,10.1,6.0,Afternoon Run
2023-10-07,7.01,53.9,7.5,Long run w uptempo!
2023-10-09,1.04,10.0,4.5,Cool down
2023-10-09,3.53,20.7,9.0,Track workout
2023-10-09,1.02,8.4,6.0,Warm up
2023-10-10,5.03,42.9,4.5,Easy Run
2023-10-11,1.13,11.4,3.0,CD
2023-10-11,2.25,13.9,9.0,3x1000m and 4x150m
2023-10-11,1.09,10.9,3.0,Warm Up
2023-10-12,4.27,35.9,6.0,Easy Run
2023-10-13,2.74,23.4,4.5,Premeet
2023-10-14,1.01,10.8,3.0,CD
2023-10-14,3.1,21.4,7.5,Conference
2023-10-14,0.98,9.3,4.5,WU
2023-10-16,1.02,8.8,4.5,CD
2023-10-16,2.43,15.6,9.0,Workout
2023-10-16,1.49,12.5,6.0,WU
2023-10-17,3.41,32.0,4.5,Easy Run
2023-10-18,1.0,10.9,3.0,CD
2023-10-18,1.93,11.9,9.0,Afternoon Run
2023-10-18,0.96,9.6,3.0,WU
2023-10-19,3.85,35.9,4.5,Easy Run
2023-10-20,1.98,21.3,3.0,Premeet!!
2023-10-21,0.45,4.7,3.0,CD
2023-10-21,3.1,21.6,7.5,Sectionals!
2023-10-21,1.0,10.2,3.0,WU
2023-10-23,1.01,10.8,3.0,CD
2023-10-23,2.85,17.5,9.0,Afternoon Run
2023-10-23,1.11,10.8,4.5,WU
2023-10-24,4.12,35.4,4.5,Easy Run
2023-10-25,1.12,10.2,4.5,CD
2023-10-25,1.97,12.0,9.0,Afternoon Run
2023-10-25,0.7,6.2,4.5,WU
2023-10-26,3.92,34.6,4.5,Easy Run
2023-10-27,0.2,1.3,9.0,Strides
2023-10-27,2.33,20.1,4.5,Afternoon Run
2023-10-28,3.1,21.3,7.5,State Meet!
2023-10-28,1.09,9.6,4.5,WU
2023-10-30,0.98,10.3,3.0,CD
2023-10-30,3.22,19.0,9.0,Track Workout
2023-10-30,0.94,10.1,3.0,WU
2023-10-31,4.95,39.8,6.0,Easy Run
2023-11-01,1.4,11.3,6.0,CD
2023-11-01,2.99,20.1,9.0,Tempo
2023-11-01,1.73,14.2,6.0,WU
2023-11-02,4.87,40.1,6.0,Easy Run
2023-11-03,1.12,10.2,4.5,CD
2023-11-03,4.16,30.0,7.5,Fartlek
2023-11-03,1.5,12.0,6.0,WU
2023-11-04,6.69,55.3,6.0,Afternoon Run
2023-11-06,0.72,7.1,4.5,CD
2023-11-06,2.9,19.4,9.0,Afternoon Run
2023-11-06,1.1,10.1,4.5,WU
2023-11-07,4.71,40.0,6.0,Afternoon Run
2023-11-09,0.92,10.1,3.0,CD
2023-11-09,1.92,12.1,9.0,Afternoon Run
2023-11-09,1.14,11.9,3.0,WU
2023-11-10,4.35,35.0,6.0,Afternoon Run
2023-11-11,0.47,4.0,4.5,Strides
2023-11-11,2.52,22.4,4.5,Pre Race!!
2023-11-12,0.71,7.0,4.5,CD
2023-11-12,3.1,20.3,9.0,NXR!!
2023-11-12,0.77,7.4,4.5,WU
2023-11-27,3.02,25.8,4.5,First Run back!!!
2023-11-28,3.01,25.1,6.0,Day 2:)
2023-11-29,3.05,25.6,6.0,Day 3!
2023-11-30,3.51,28.4,6.0,Afternoon Run
2023-12-01,3.51,28.6,6.0,Afternoon Run
2023-12-03,3.65,30.1,6.0,Morning Run
2023-12-04,4.04,33.0,6.0,Afternoon Run
2023-12-05,4.01,32.5,6.0,Afternoon Run
2023-12-06,4.01,32.3,6.0,Afternoon Run
2023-12-07,3.52,30.3,4.5,Afternoon Run
2023-12-08,3.59,31.3,4.5,Afternoon Run
2023-12-09,3.58,30.2,6.0,Afternoon Run
2023-12-10,4.07,33.3,6.0,Lunch Run
2023-12-11,4.06,33.2,6.0,Afternoon Run
2023-12-13,4.23,37.6,4.5,Easy Run
2023-12-14,5.51,45.4,6.0,Afternoon Run
2023-12-15,4.37,35.9,6.0,Afternoon Run
2023-12-16,4.1,35.0,4.5,Afternoon Run
2023-12-18,4.4,35.8,6.0,Afternoon Run
2023-12-19,5.52,45.2,6.0,Afternoon Run
2023-12-20,5.31,41.9,6.0,Afternoon Run
2023-12-21,5.65,46.2,6.0,Afternoon Run
2023-12-23,6.31,50.6,6.0,Lunch Run
2023-12-24,3.85,30.8,6.0,Lunch Run
2023-12-25,5.7,45.0,6.0,Lunch Run
2023-12-26,5.51,45.6,6.0,Morning Run
2023-12-27,5.68,45.1,6.0,Lunch Run
2023-12-28,5.7,45.6,6.0,Morning Run
2023-12-29,5.67,45.4,6.0,Morning Run
2023-12-30,6.28,50.1,6.0,Lunch Run
2024-01-01,6.09,50.5,6.0,Lunch Run
2024-01-02,5.02,42.1,6.0,Afternoon Run
2024-01-03,5.01,41.3,6.0,Afternoon Run
2024-01-04,6.02,51.1,6.0,Afternoon Run
2024-01-05,5.16,44.9,4.5,Afternoon Run
2024-01-06,7.04,57.8,6.0,Afternoon Run
2024-01-08,6.06,50.5,6.0,Afternoon Run
2024-01-09,5.0,40.7,6.0,Treadmill Run
2024-01-10,5.43,45.5,6.0,New Watch. Who dis?
2024-01-11,6.0,50.4,6.0,Treadmill Run!
2024-01-12,6.01,50.5,6.0,Treadmill Run :)
2024-01-14,7.5,63.2,6.0,Long Run
2024-01-15,6.01,50.8,6.0,Lunch Run
2024-01-16,5.42,45.0,6.0,Afternoon Run
2024-01-17,5.16,45.0,4.5,Indoor Run
2024-01-18,6.26,51.9,6.0,Afternoon Run
2024-01-19,4.01,34.9,4.5,Afternoon Run
2024-01-20,8.01,67.9,6.0,Afternoon Run
2024-01-22,6.01,54.0,4.5,Afternoon Run
2024-01-23,5.0,41.8,6.0,Afternoon Run
2024-01-24,5.05,43.3,4.5,Afternoon Run
2024-01-25,6.23,50.0,6.0,Afternoon Run
2024-01-26,5.0,42.5,4.5,Afternoon Run
2024-01-27,8.02,64.5,6.0,Afternoon Run
2024-01-29,5.05,41.7,6.0,Afternoon Run
2024-01-30,7.27,55.3,7.5,Afternoon Run
2024-01-31,4.04,34.2,6.0,Afternoon Run
2024-02-01,1.49,12.8,4.5,Afternoon Run
2024-02-01,3.61,25.6,7.5,Tempo
2024-02-01,1.03,8.2,6.0,Afternoon Run
2024-02-02,4.14,36.9,4.5,Afternoon Run
2024-02-03,8.03,64.8,6.0,Afternoon Run
2024-02-05,5.02,42.3,6.0,Afternoon Run
2024-02-06,6.45,52.0,6.0,Afternoon Run
2024-02-07,5.04,43.5,4.5,Afternoon Run
2024-02-08,1.01,8.8,4.5,Afternoon Run
2024-02-08,4.52,33.1,7.5,Afternoon Run
2024-02-08,1.02,8.3,6.0,Afternoon Run
2024-02-09,3.41,28.9,6.0,Afternoon Run
2024-02-10,8.13,66.6,6.0,Afternoon Run
2024-02-12,5.02,42.3,6.0,Afternoon Run
2024-02-13,1.0,9.3,4.5,Afternoon Run
2024-02-13,5.0,35.8,7.5,Afternoon Run
2024-02-13,1.62,13.8,4.5,Afternoon Run
2024-02-14,4.02,34.3,4.5,Afternoon Run
2024-02-15,0.78,6.7,4.5,Afternoon Run
2024-02-15,5.01,35.4,7.5,5 mile tempo!!!
2024-02-15,1.17,10.0,4.5,Afternoon Run
2024-02-16,4.19,34.9,6.0,Afternoon Run
2024-02-17,8.02,67.2,6.0,Afternoon Run
2024-02-19,5.0,40.6,6.0,Afternoon Run
2024-02-20,6.4,51.2,6.0,Afternoon Run
2024-02-21,7.14,61.9,4.5,Afternoon Run
2024-02-22,1.7,15.1,4.5,CD
2024-02-22,3.68,23.9,9.0,Track Workout
2024-02-22,1.36,11.6,4.5,Afternoon Run
2024-02-23,4.02,34.3,4.5,Snow Run!
2024-02-24,6.79,55.6,6.0,Lunch Run
2024-02-25,6.02,47.7,6.0,Lunch Run
2024-02-27,1.22,11.0,4.5,Cool Down
2024-02-27,3.75,27.6,7.5,Hill tempo
2024-02-27,1.58,13.4,6.0,Warm up
2024-02-28,6.04,52.0,4.5,Afternoon Run
2024-02-29,1.58,13.6,4.5,CD
2024-02-29,4.85,36.2,7.5,Fartlek
2024-02-29,1.13,10.0,4.5,WU
2024-03-01,0.33,1.7,9.0,Afternoon Run
2024-03-01,4.65,40.2,4.5,Afternoon Run
2024-03-02,6.21,50.4,6.0,Afternoon Run
2024-03-04,1.0,5.7,9.0,Mile Trial
2024-03-04,1.3,10.4,6.0,Warm Up
2024-03-04,2.52,21.6,4.5,Cool Down
2024-03-05,5.02,41.8,6.0,Afternoon Run
2024-03-06,1.14,10.2,4.5,Cool Down
2024-03-06,3.72,22.8,9.0,1000m repeats
2024-03-06,1.72,14.1,6.0,Warm Up
2024-03-07,5.21,44.1,6.0,Afternoon Run
2024-03-08,6.0,50.0,6.0,Afternoon Run
2024-03-09,2.06,17.7,4.5,Cool Down
2024-03-09,3.01,20.9,7.5,Windy Tempo!!
2024-03-09,1.47,12.4,6.0,Warm Up
2024-03-11,1.12,11.8,3.0,Cool Down
2024-03-11,3.37,21.9,9.0,Track Workout!
2024-03-11,1.04,9.2,4.5,Warm up
2024-03-12,5.0,41.9,6.0,Afternoon Run
2024-03-13,1.51,14.5,4.5,Cool Down
2024-03-13,2.88,17.1,9.0,Track Workout
2024-03-13,1.47,12.8,4.5,Warm Up
2024-03-14,0.2,1.3,9.0,Strides
2024-03-14,4.0,35.0,4.5,Afternoon Run
2024-03-15,1.09,9.9,4.5,Warm Up
2024-03-16,8.04,66.0,6.0,Afternoon Run
2024-03-16,2.0,12.4,9.0,Carthage Invitational
2024-03-16,2.31,20.1,4.5,Cool Down
2024-03-18,1.25,11.0,4.5,Cool Down
2024-03-18,3.75,26.8,7.5,Hilly Tempo
2024-03-18,1.63,13.6,6.0,Warm Up
2024-03-19,5.03,42.9,4.5,Afternoon Run
2024-03-20,1.01,8.6,4.5,CD
2024-03-20,3.67,22.6,9.0,1k repeats!!
2024-03-20,1.85,14.6,6.0,WU + strides
2024-03-21,5.05,41.5,6.0,Afternoon Run
2024-03-22,7.5,62.3,6.0,Afternoon Run
2024-03-23,0.7,6.3,4.5,CD
2024-03-23,5.01,36.0,7.5,Fartlek
2024-03-23,1.2,10.0,6.0,WU
2024-03-25,1.15,9.9,4.5,CD
2024-03-25,3.0,20.0,9.0,3 mile tempo рҹҢ§пёҸ рҹҢ§пёҸ!!!
2024-03-25,1.32,11.4,4.5,WU
2024-03-26,6.02,49.2,6.0,Morning Run
2024-03-27,0.76,6.6,4.5,CD
2024-03-27,3.84,24.2,9.0,1k repeats
2024-03-27,1.39,12.1,4.5,WU
2024-03-28,5.62,46.3,6.0,Lunch Run
2024-03-29,1.31,11.4,4.5,CD
2024-03-29,4.75,35.0,7.5,Fartlek
2024-03-29,1.12,10.0,4.5,WU
2024-03-30,8.03,65.9,6.0,Lunch Run
2024-04-01,1.1,9.5,4.5,WU
2024-04-01,1.03,8.5,6.0,CD
2024-04-01,1.95,12.1,9.0,800m repeats рҹҢ§пёҸ
2024-04-02,4.0,35.3,4.5,Afternoon Run
2024-04-03,1.1,9.8,4.5,WU
2024-04-04,5.35,44.7,6.0,Afternoon Run
2024-04-04,2.0,12.3,9.0,Indoor Conference
2024-04-04,0.83,7.1,4.5,CD
2024-04-05,1.02,8.8,4.5,CD
2024-04-05,4.95,32.3,9.0,Super light workout
2024-04-05,1.03,9.8,4.5,WU
2024-04-06,8.02,65.6,6.0,Morning Run
2024-04-07,2.11,16.7,6.0,Premeet w strides
2024-04-08,0.69,6.1,4.5,CD
2024-04-08,0.57,3.9,7.5,Last 1k
2024-04-08,1.7,11.8,7.5,4x1k repeats pt 1.
2024-04-08,0.8,4.3,9.0,1200m from distance medley
2024-04-08,2.14,21.2,4.5,CD+WU
2024-04-08,0.88,7.8,4.5,WU
2024-04-09,5.01,44.7,4.5,easy run
2024-04-10,1.01,9.3,4.5,CD
2024-04-10,1.86,10.8,9.0,Afternoon Run
2024-04-10,1.06,9.1,4.5,WU
2024-04-11,5.59,45.5,6.0,Afternoon Run
2024-04-12,0.3,1.8,9.0,Strides
2024-04-12,3.0,27.0,4.5,Premeet
2024-04-13,1.0,5.8,9.0,Homestead meet
2024-04-13,1.01,10.2,3.0,CD
2024-04-13,0.5,2.8,9.0,Homestead meet
2024-04-13,0.16,1.9,3.0,Shakeout
2024-04-13,0.46,4.5,4.5,CD
2024-04-13,1.09,10.0,4.5,WU
2024-04-15,0.72,3.8,9.0,6x200m
2024-04-15,0.43,4.0,4.5,CD
2024-04-15,3.0,20.1,9.0,Tempo
2024-04-15,1.22,10.0,6.0,WU + Strides
2024-04-16,7.22,62.0,4.5,Afternoon Run
2024-04-17,1.67,15.7,4.5,CD
2024-04-17,2.12,12.2,9.0,Track workout
2024-04-17,1.27,11.7,4.5,WU
2024-04-18,5.51,45.5,6.0,Afternoon Run
2024-04-19,3.22,26.9,6.0,Premeet!!
2024-04-20,1.02,10.1,4.5,CD
2024-04-20,2.0,12.3,9.0,Pewaukee Meet
2024-04-20,0.97,10.6,3.0,WU
2024-04-22,0.79,8.5,3.0,CD
2024-04-22,3.24,18.4,9.0,Track Workout
2024-04-22,1.39,13.8,4.5,WU
2024-04-23,5.01,41.3,6.0,Afternoon Run
2024-04-24,1.19,12.4,3.0,CD
2024-04-24,1.48,7.7,9.0,Track Workout
2024-04-24,1.16,11.0,4.5,WU
2024-04-25,0.31,1.8,9.0,Strides
2024-04-25,3.54,31.0,4.5,Premeet
2024-04-27,7.0,58.9,6.0,Morning Run
2024-04-27,0.6,6.1,3.0,CD
2024-04-27,2.0,12.0,9.0,Hale Distance Night!
2024-04-27,1.05,10.4,4.5,WU
2024-04-29,1.85,16.6,4.5,CD
2024-04-29,2.59,16.8,9.0,Tempo
2024-04-29,1.15,11.6,3.0,WU
2024-04-30,3.35,27.8,6.0,Premeet
2024-05-01,3.2,29.1,4.5,CD
2024-05-01,1.0,5.8,9.0,Conference Relays
2024-05-01,1.04,10.2,4.5,WU
2024-05-02,6.01,52.5,4.5,Afternoon Run
2024-05-02,0.97,9.3,4.5,CD part 2
2024-05-03,0.35,1.9,9.0,Strides
2024-05-03,3.01,27.4,4.5,Premeet
2024-05-04,2.03,20.7,3.0,CD
2024-05-04,1.34,14.7,3.0,WU
2024-05-04,1.06,9.6,4.5,CD
2024-05-05,0.42,4.1,4.5,CD
2024-05-06,1.01,10.5,3.0,CD
2024-05-06,1.9,10.6,9.0,Track Workout
2024-05-06,1.33,12.1,4.5,WU
2024-05-07,4.2,35.6,6.0,Easy run
2024-05-08,0.5,2.7,9.0,800m
2024-05-08,1.65,15.6,4.5,CD
2024-05-08,0.5,2.5,9.0,Sprints!!
2024-05-08,0.93,9.7,3.0,WU
2024-05-09,5.51,45.6,6.0,Post AP Psych Exam Run!!
2024-05-10,1.16,12.7,3.0,CD
2024-05-10,1.21,7.7,9.0,Afternoon Run
2024-05-10,1.24,11.5,4.5,WU
2024-05-11,5.41,45.8,6.0,Morning Run
2024-05-13,3.1,26.1,6.0,Afternoon Run
2024-05-14,0.98,9.5,4.5,WU
2024-05-15,4.4,40.0,4.5,Afternoon Run
2024-05-15,2.0,12.1,9.0,Conference
2024-05-15,1.06,10.9,3.0,CD
2024-05-16,1.04,9.4,4.5,CD
2024-05-16,1.35,7.6,9.0,Post AP Bio Exam Workout!!!
2024-05-16,1.22,10.9,4.5,WU
2024-05-18,1.05,11.3,3.0,WU
2024-05-18,0.68,3.8,9.0,Track Workout
2024-05-18,1.25,12.2,4.5,CD
2024-05-19,3.24,26.9,6.0,Premeet!!
2024-05-20,1.07,10.7,4.5,WU
2024-05-21,4.06,35.0,4.5,Afternoon Run
2024-05-21,1.64,15.1,4.5,CD
2024-05-21,2.0,12.4,9.0,Regionals
2024-05-22,0.31,1.5,9.0,Strides
2024-05-22,2.23,21.0,4.5,Premeet!!
2024-05-23,1.02,10.1,4.5,WU
2024-05-24,6.1,50.1,6.0,Afternoon Run
2024-05-24,2.0,12.1,9.0,Sectionals
2024-05-24,1.04,10.2,4.5,CD
2024-05-25,8.09,67.7,6.0,Lunch Run
2024-05-27,3.02,28.0,4.5,CD
2024-05-27,1.73,10.1,9.0,Afternoon Run
2024-05-27,1.53,14.7,4.5,WU
2024-05-28,6.08,50.1,6.0,Afternoon Run
2024-05-29,2.34,20.7,4.5,CD
2024-05-29,0.7,3.6,9.0,Afternoon Run
2024-05-29,0.99,9.6,4.5,WU
2024-05-30,4.19,36.9,4.5,Afternoon Run
2024-05-31,0.87,6.7,7.5,CD
2024-05-31,2.79,17.4,9.0,1k repeats
2024-05-31,1.6,12.3,7.5,WU
2024-06-01,6.0,60.5,3.0,Morning Run
2024-06-03,1.0,10.7,3.0,CD
2024-06-03,1.36,7.6,9.0,Workout
2024-06-03,1.07,9.2,4.5,WU
2024-06-04,5.0,44.0,4.5,Afternoon Run
2024-06-05,1.0,10.0,3.0,CD
2024-06-05,0.88,5.1,9.0,Track Workout
2024-06-05,1.16,11.4,4.5,WU pt2
2024-06-05,1.21,11.7,4.5,WU
2024-06-06,3.62,30.6,6.0,Afternoon Run
2024-06-07,2.74,22.6,6.0,Afternoon Run
2024-06-08,1.11,10.0,4.5,WU
2024-06-09,0.73,6.7,4.5,CD pt2
2024-06-09,1.09,10.3,4.5,CD
2024-06-09,1.0,5.6,9.0,Wisco Mile рҹҚҚ!!
2024-06-24,3.15,25.0,6.0,First Run Back!!!
2024-06-25,3.14,25.3,6.0,Morning Run
2024-06-26,3.81,30.9,6.0,Evening Run
2024-06-27,4.01,33.7,6.0,Morning Run
2024-06-28,3.79,30.6,6.0,Morning Run
2024-06-30,4.34,32.2,7.5,Morning Run
2024-07-01,1.0,7.6,7.5,CD
2024-07-01,3.04,21.0,7.5,Morning Run
2024-07-01,1.26,11.6,4.5,WU
2024-07-02,4.24,35.1,6.0,Afternoon Run
2024-07-03,0.18,1.9,3.0,Short shakeout
2024-07-03,4.83,35.1,7.5,вҖңOut and backвҖқ
2024-07-04,3.01,25.6,4.5,Morning Run
2024-07-05,6.01,50.2,6.0,Morning Run
2024-07-06,4.07,33.6,6.0,Morning Run
2024-07-08,1.16,10.0,4.5,CD
2024-07-08,3.17,20.6,9.0,1k repeats
2024-07-09,4.02,32.9,6.0,Morning Run
2024-07-10,1.19,10.3,4.5,CD
2024-07-10,2.81,19.4,7.5,800m repeats
2024-07-10,1.25,11.9,4.5,WU
2024-07-11,4.04,33.4,6.0,Morning Run
2024-07-12,3.08,24.4,6.0,Hilly Fartleck
2024-07-12,1.07,9.5,4.5,WU
2024-07-13,7.01,58.2,6.0,Morning Run
2024-07-14,4.01,33.9,6.0,Morning Run
2024-07-15,4.96,38.0,7.5,Out and back
2024-07-16,11.1,94.2,6.0,Long Run
2024-07-19,6.01,52.0,4.5,Morning Run
2024-07-19,5.8,50.0,4.5,First run in India!!!
2024-07-25,6.0,50.0,6.0,Morning Run
2024-07-26,6.0,50.1,6.0,Morning Run
2024-07-27,6.0,50.0,6.0,Morning Run
2024-07-29,0.5,5.0,3.0,CD
2024-07-29,3.0,20.0,9.0,Tempo on the treadmill!
2024-07-29,0.8,7.7,4.5,WU
2024-07-30,0.5,5.0,3.0,CD
2024-07-30,0.8,7.3,4.5,WU
2024-07-30,3.0,20.0,9.0,Treadmill tempo!
2024-07-31,9.02,76.6,6.0,Long Run
2024-08-04,3.45,30.1,4.5,"Run in Bhubnashwar, Odisha!"
2024-08-05,4.01,39.5,4.5,Sunset beach run рҹҢ… рҹҸғвҖҚвҷҖпёҸ
2024-08-09,1.03,10.7,3.0,CD
2024-08-09,4.0,28.1,7.5,Mile repeats!
2024-08-09,1.06,10.1,4.5,WU
2024-08-09,3.36,31.5,4.5,On the treadmill!
2024-08-10,9.01,76.2,6.0,Long Run!!
2024-08-12,3.61,24.5,9.0,1200m repeats!
2024-08-12,1.46,13.2,4.5,WU
2024-08-13,6.01,51.4,4.5,Morning Run
2024-08-14,1.04,9.6,4.5,CD
2024-08-14,3.54,25.7,7.5,3x2k repeats!!
2024-08-14,1.48,13.3,4.5,WU
2024-08-15,6.03,50.5,6.0,Rainy Run рҹҢ§пёҸ!!
2024-08-16,0.52,5.3,3.0,CD
2024-08-16,4.22,30.0,7.5,30min tempo
2024-08-16,1.46,12.2,6.0,WU
2024-08-17,6.21,51.0,6.0,Morning Run
2024-08-19,2.63,23.5,4.5,Cool Down
2024-08-19,1.98,12.5,9.0,2 mile time trial!!
2024-08-19,1.07,9.4,4.5,WU
2024-08-20,6.01,50.1,6.0,Morning Run
2024-08-21,0.96,9.7,3.0,CD
2024-08-21,3.63,23.1,9.0,6x1000m repeats!!
2024-08-21,1.11,9.9,4.5,WU
2024-08-22,8.09,65.7,6.0,Long Run
2024-08-23,5.29,43.9,6.0,Clover Loop рҹҚҖ!!
2024-08-24,1.23,12.2,4.5,CD
2024-08-24,4.03,32.9,6.0,Pike lake hilly loop
2024-08-24,2.03,19.0,4.5,WU
2024-08-26,1.2,10.9,4.5,CD
2024-08-26,3.45,24.1,7.5,Hilly Tempo!!
2024-08-26,1.38,12.0,4.5,WU
2024-08-27,5.17,45.0,4.5,Easy Run
2024-08-28,3.41,32.9,4.5,Premeet!!
2024-08-30,1.03,11.3,3.0,CD
2024-08-30,1.1,11.2,3.0,WU
2024-08-30,3.1,20.7,9.0,Arrowhead Night Race!
2024-08-31,8.01,68.5,4.5,Morning Run
2024-09-01,5.57,45.6,6.0,Morning Run
2024-09-02,1.01,9.7,4.5,CD
2024-09-02,3.6,23.7,9.0,1200m repeats!!!
2024-09-02,1.36,11.7,4.5,WU
2024-09-03,6.03,51.9,4.5,Afternoon Run
2024-09-04,0.56,6.0,3.0,CD
2024-09-04,4.49,35.0,6.0,Fartlek on the grass
2024-09-04,1.0,10.7,3.0,WU
2024-09-05,3.42,31.3,4.5,Premeet
2024-09-06,0.79,9.7,3.0,CD
2024-09-06,3.1,20.9,9.0,Greenfield Park Race
2024-09-06,1.01,9.9,4.5,WU
2024-09-07,8.0,67.9,6.0,Morning Run
2024-09-09,2.68,21.7,6.0,Afternoon Run
2024-09-09,1.53,14.0,4.5,Afternoon Run
2024-09-10,5.47,50.3,4.5,Easy Run!!
2024-09-11,1.12,10.7,4.5,CD
2024-09-11,2.19,13.8,9.0,Roll Ham
2024-09-11,1.08,10.6,4.5,WU
2024-09-12,6.01,52.0,4.5,Afternoon Run
2024-09-13,2.64,27.9,3.0,Premeet!!!
2024-09-14,0.43,5.4,3.0,CD
2024-09-14,3.1,21.8,7.5,Rotary Park
2024-09-14,1.08,10.4,4.5,WU
2024-09-16,0.68,6.3,4.5,CD
2024-09-16,2.78,18.2,9.0,"3x1200, 3x400"
2024-09-16,1.03,10.1,4.5,WU
2024-09-17,5.76,49.2,4.5,Afternoon Run
2024-09-18,0.45,4.5,3.0,CD
2024-09-18,4.84,33.5,7.5,I вқӨпёҸ late start Wednesday
2024-09-18,1.03,10.5,3.0,WU
2024-09-19,5.79,48.9,6.0,Afternoon Run
2024-09-20,2.94,26.5,4.5,Premeet
2024-09-21,3.1,21.6,7.5,Muskego Invitational
2024-09-21,0.37,3.9,3.0,CD
2024-09-21,0.97,9.6,4.5,WU
2024-09-23,0.9,9.9,3.0,CD
2024-09-23,3.45,21.9,9.0,Track Workout
2024-09-23,1.29,12.4,4.5,WU
2024-09-24,6.0,50.0,6.0,Afternoon Run
2024-09-25,1.23,12.4,3.0,CD
2024-09-25,2.98,18.3,9.0,Afternoon Run
2024-09-25,0.94,10.2,3.0,WU
2024-09-26,4.58,40.5,4.5,Easy Run
2024-09-27,3.36,30.6,4.5,Premeet!
2024-09-28,3.1,20.5,9.0,Janesville Race
2024-09-28,0.63,8.3,3.0,CD
2024-09-28,1.03,9.6,4.5,WU
2024-09-30,1.08,10.5,4.5,CD
2024-09-30,3.36,22.9,7.5,Afternoon Run
2024-09-30,1.25,11.8,4.5,WU
2024-10-01,5.43,45.9,6.0,Afternoon Run
2024-10-02,1.16,11.7,3.0,CD
2024-10-02,2.86,18.2,9.0,Afternoon Run
2024-10-02,1.09,9.6,4.5,WU
2024-10-03,6.01,50.5,6.0,Afternoon Run
2024-10-04,1.01,8.2,6.0,CD
2024-10-04,3.89,24.2,9.0,Afternoon Run
2024-10-04,1.08,10.6,4.5,WU
2024-10-05,7.07,60.0,6.0,Afternoon Run
2024-10-07,1.01,10.3,3.0,cd
2024-10-07,2.9,17.7,9.0,track workout
2024-10-07,1.1,10.4,4.5,wu
2024-10-08,5.56,46.7,6.0,Afternoon Run
2024-10-09,0.5,4.5,4.5,CD
2024-10-09,3.22,21.2,9.0,Afternoon Run
2024-10-09,1.07,10.5,4.5,WU
2024-10-10,5.05,42.5,6.0,Afternoon Run
2024-10-11,2.13,19.9,4.5,cd
2024-10-11,0.99,5.7,9.0,1600m time trial
2024-10-11,1.02,9.4,4.5,wu
2024-10-12,5.4,50.0,4.5,easy run
2024-10-14,1.01,10.6,3.0,CD
2024-10-14,2.89,17.8,9.0,Afternoon Run
2024-10-14,1.16,10.2,4.5,WU
2024-10-15,5.04,41.3,6.0,Afternoon Run
2024-10-16,1.1,10.2,4.5,CD
2024-10-16,2.24,14.1,9.0,Afternoon Run
2024-10-16,1.21,11.3,4.5,WU
2024-10-17,3.14,29.1,4.5,Pre meet
2024-10-18,0.99,11.7,3.0,CD
2024-10-18,3.1,21.1,7.5,conference
2024-10-18,1.05,9.6,4.5,WU
2024-10-19,5.25,45.0,4.5,Morning Run
2024-10-21,0.7,6.2,4.5,CD
2024-10-21,0.22,1.4,9.0,WU
2024-10-21,1.96,13.2,9.0,2mi tempo
2024-10-21,1.45,12.1,6.0,WU
2024-10-22,3.56,36.0,3.0,easy run
2024-10-23,0.91,10.1,3.0,cd
2024-10-23,1.86,11.9,9.0,Afternoon Run
2024-10-23,1.27,11.3,4.5,wu
2024-10-24,2.93,30.0,3.0,Afternoon Run
2024-10-25,2.44,22.7,4.5,Pre meet
2024-10-26,3.1,20.6,9.0,Sectionals @ Greenfield Park
2024-10-26,0.6,5.9,4.5,cd
2024-10-26,1.05,9.9,4.5,wu
2024-10-27,6.01,50.0,6.0,Morning Run
2024-10-28,1.08,11.0,3.0,Afternoon Run
2024-10-28,3.2,21.3,9.0,Afternoon Run
2024-10-28,1.2,11.5,4.5,Afternoon Run
2024-10-29,6.1,55.2,4.5,Afternoon Run
2024-10-30,1.2,12.4,3.0,cd
2024-10-30,1.56,9.3,9.0,Afternoon Run
2024-10-30,1.25,13.0,3.0,Afternoon Run
2024-10-31,6.08,48.8,6.0,Happy Diwali рҹӘ”!!
2024-11-01,5.3,45.5,4.5,Afternoon Run
2024-11-02,1.2,10.8,4.5,Lunch Run
2024-11-03,16.0,134.1,6.0,16
2024-11-18,2.54,25.3,4.5,Afternoon Run
2024-11-19,2.85,25.1,4.5,Day 2:)
2024-11-20,3.07,27.0,4.5,Afternoon Run
2024-11-21,3.29,30.0,4.5,Afternoon Run
2024-11-23,4.01,34.1,4.5,Lunch Run
2024-11-24,3.0,25.1,6.0,Morning Run
2024-11-25,4.0,36.1,4.5,Afternoon Run
2024-11-26,4.33,35.7,6.0,Afternoon Run
2024-11-27,4.35,36.3,6.0,Afternoon Run
2024-11-28,4.34,35.9,6.0,Lunch Run
2024-11-30,5.05,40.2,6.0,Morning Run
2024-12-01,3.73,28.9,6.0,Morning Run
2024-12-02,6.19,50.0,6.0,Morning Run
2024-12-03,4.09,35.0,4.5,Treadmill Run
2024-12-04,6.0,50.0,6.0,treadmill run
2024-12-05,6.0,52.0,4.5,Afternoon Run
2024-12-06,4.0,33.4,6.0,Afternoon Run
2024-12-08,6.01,52.6,4.5,UWSP Run
2024-12-09,5.1,40.6,6.0,Afternoon Run
2024-12-11,6.0,50.0,6.0,Afternoon Run
2024-12-12,6.0,50.1,6.0,Afternoon Run
2024-12-13,6.0,50.0,6.0,Afternoon Run
2024-12-14,7.01,58.8,6.0,Afternoon Run
2024-12-15,1.01,8.7,4.5,Lunch Run
2024-12-16,6.02,50.7,6.0,Afternoon Run
2024-12-17,6.0,49.9,6.0,Afternoon Run
2024-12-18,6.06,50.5,6.0,Afternoon Run
2024-12-19,6.01,50.8,6.0,treadmill run
2024-12-20,6.1,50.6,6.0,Afternoon Run
2024-12-22,6.0,49.9,6.0,treadmill run
2024-12-23,6.01,51.2,4.5,Afternoon Run
2024-12-24,6.1,49.4,6.0,Lunch Run
2024-12-25,7.05,56.4,6.0,Lunch Run
2024-12-26,6.13,49.8,6.0,foggy run:)
2024-12-27,5.0,37.5,7.5,Morning Run
2024-12-28,6.12,51.5,6.0,Lunch Run
2024-12-30,7.0,58.9,6.0,last monday of 2024!!
2024-12-31,6.1,50.8,6.0,Lunch Run
2025-01-01,6.01,50.3,6.0,Lunch Run
2025-01-02,6.0,50.0,6.0,Afternoon Run
2025-01-03,6.0,50.8,6.0,Afternoon Run
2025-01-04,6.07,50.4,6.0,Afternoon Run
2025-01-06,6.0,50.0,6.0,Afternoon Run
2025-01-07,6.0,51.3,4.5,Afternoon Run
2025-01-08,6.01,50.8,6.0,Afternoon Run
2025-01-09,6.01,50.5,6.0,I рҹ’— running in the dark!!
2025-01-10,6.1,50.9,6.0,dreadmil.
2025-01-11,7.01,58.0,6.0,Morning Run
2025-01-13,6.0,49.9,6.0,Afternoon Run
2025-01-14,6.0,49.9,6.0,Afternoon Run
2025-01-15,6.0,49.9,6.0,Afternoon Run
2025-01-16,4.01,34.4,4.5,run part 2
2025-01-16,2.11,17.8,6.0,run part 1
2025-01-17,8.05,68.9,4.5,oh how much I have missed the classic 8 рҹ’—
2025-01-18,4.02,34.5,4.5,Morning Run
2025-01-20,6.1,50.7,6.0,Lunch Run
2025-01-21,6.0,50.0,6.0,Indoor run
2025-01-22,6.0,50.1,6.0,Afternoon Run
2025-01-23,6.0,50.0,6.0,Afternoon Run
2025-01-24,6.0,50.0,6.0,Afternoon Run
2025-01-25,6.0,50.6,6.0,Lunch Run
2025-01-27,6.01,49.0,6.0,Lunch Run
2025-01-28,6.0,50.4,6.0,Afternoon Run
2025-01-29,6.05,50.6,6.0,Afternoon Run
2025-01-30,0.53,5.3,3.0,cd
2025-01-30,3.92,28.0,7.5,first workout:)
2025-01-30,0.51,4.1,6.0,wu
2025-01-31,6.02,51.2,4.5,Afternoon Run
2025-02-01,6.01,51.0,6.0,Morning Run
2025-02-03,6.01,50.4,6.0,Afternoon Run
2025-02-04,0.66,6.3,4.5,cd
2025-02-04,2.84,22.9,6.0,fartlek
2025-02-04,1.11,10.0,4.5,wu
2025-02-05,6.04,51.0,6.0,Afternoon Run
2025-02-06,0.89,9.0,3.0,cd
2025-02-06,2.75,20.0,7.5,20min tempo рҹҢӘпёҸ
2025-02-06,1.0,9.6,4.5,wu
2025-02-07,6.01,51.5,4.5,Afternoon Run
2025-02-08,6.02,50.4,6.0,Afternoon Run
2025-02-10,6.01,49.9,6.0,Afternoon Run
2025-02-11,6.12,50.4,6.0,Glad we got away from those coyotes
2025-02-12,6.0,49.6,6.0,dreadmil
2025-02-13,0.53,5.0,4.5,CD
2025-02-13,2.73,20.0,7.5,Tempo
2025-02-13,1.01,9.4,4.5,WU
2025-02-14,6.0,50.0,6.0,Afternoon Run
2025-02-15,6.0,50.1,6.0,Afternoon Run
2025-02-17,6.0,50.0,6.0,Morning Run
2025-02-18,0.55,5.2,4.5,CD
2025-02-18,3.8,28.4,7.5,Fartlek
2025-02-18,1.0,9.5,4.5,WU
2025-02-19,6.0,50.1,6.0,Afternoon Run
2025-02-20,0.66,6.2,4.5,cd
2025-02-20,2.8,20.0,7.5,20 min tempo
2025-02-20,1.02,9.3,4.5,wu
2025-02-21,6.0,50.0,6.0,Afternoon Run
2025-02-22,5.01,44.6,4.5,Morning Run
2025-02-24,6.01,49.3,6.0,Afternoon Run
2025-02-25,0.49,4.4,4.5,CD
2025-02-25,5.01,36.0,7.5,рҹҺ¶ ThatвҖҷs what people say mm-mm рҹӨ·вҖҚвҷҖпёҸ
2025-02-25,1.11,9.1,6.0,WU
2025-02-26,6.02,50.9,6.0,Morning Run
2025-02-27,1.01,9.1,4.5,CD
2025-02-27,4.56,35.0,7.5,windy fartlek рҹҢӘпёҸ
2025-02-27,1.12,10.1,4.5,WU
2025-02-28,5.0,41.7,6.0,run part 2
2025-02-28,1.09,9.9,4.5,run pt 1
2025-03-01,6.01,50.9,6.0,Morning Run
2025-03-03,6.01,50.7,6.0,Afternoon Run
2025-03-04,0.62,6.0,4.5,cd
2025-03-04,3.38,27.2,6.0,fast up the hills and slow down
2025-03-04,1.37,12.1,4.5,wu
2025-03-05,5.0,41.7,6.0,Iykyk
2025-03-06,0.53,4.6,4.5,CD
2025-03-06,3.17,21.8,7.5,Tempo
2025-03-06,3.27,28.6,4.5,WU
2025-03-07,3.0,25.0,6.0,Treadmill Run
2025-03-08,6.02,52.7,4.5,Morning Run
2025-03-10,2.01,21.1,3.0,cd
2025-03-10,0.97,6.0,9.0,mile trial
2025-03-10,0.93,10.0,3.0,wu
2025-03-11,6.0,48.9,6.0,Afternoon Run
2025-03-12,0.75,6.5,4.5,cd
2025-03-12,3.09,19.4,9.0,1k repeats:)
2025-03-12,1.76,14.8,6.0,wu
2025-03-13,4.01,35.7,4.5,Afternoon Run
2025-03-14,0.95,10.6,3.0,cd
2025-03-14,2.67,18.4,7.5,Afternoon Run
2025-03-14,1.17,12.0,3.0,wu
2025-03-15,6.52,55.0,6.0,Morning Run
2025-03-17,3.92,34.2,4.5,Afternoon Run
2025-03-18,1.28,14.4,3.0,cd
2025-03-18,0.22,1.1,9.0,Afternoon Run
2025-03-18,0.48,2.8,9.0,Afternoon Run
2025-03-18,1.03,10.7,3.0,wu
2025-03-19,6.0,52.3,4.5,Sunrise run вҳҖпёҸ
2025-03-20,1.2,10.8,4.5,cd
2025-03-20,2.92,20.9,7.5,Hilly tempo
2025-03-20,1.52,13.8,4.5,wu
2025-03-21,6.01,50.6,6.0,Afternoon Run
2025-03-22,8.01,67.0,6.0,New map unlocked рҹ”“
2025-03-24,6.06,51.3,6.0,windy workoutрҹҢӘпёҸ
2025-03-25,6.01,51.2,4.5,Afternoon Run
2025-03-26,4.17,35.1,6.0,Evening Run
2025-03-26,1.02,9.4,4.5,cd
2025-03-26,3.1,19.9,9.0,hilly 1ks
2025-03-26,1.24,11.2,4.5,wu
2025-03-28,0.95,9.3,4.5,cd
2025-03-28,3.0,20.6,7.5,tempo
2025-03-28,1.2,11.3,4.5,wu
2025-03-29,7.0,59.0,6.0,Morning Run
2025-03-31,2.91,18.2,9.0,Afternoon Run
2025-03-31,1.22,11.0,4.5,wu
2025-04-01,3.31,31.2,4.5,Pre-meet
2025-04-02,1.08,10.7,4.5,wu
2025-04-03,4.81,42.6,4.5,Afternoon Run
2025-04-03,2.0,12.9,9.0,Indoor conference
2025-04-03,0.51,5.3,3.0,cd
2025-04-04,3.35,31.7,4.5,Premeet
2025-04-05,1.09,10.2,4.5,wu
2025-04-06,1.0,6.1,9.0,Indoor state
2025-04-06,0.98,12.2,3.0,cd
2025-04-07,0.71,6.6,4.5,cd
2025-04-07,4.62,35.0,7.5,fartlek
2025-04-07,1.18,10.1,4.5,wu
2025-04-08,5.37,45.3,6.0,Afternoon Run
2025-04-09,0.66,6.1,4.5,cd
2025-04-09,2.93,20.5,7.5,tempo in the sleet вқ„пёҸ!!
2025-04-09,1.06,9.7,4.5,wu
2025-04-10,5.28,45.1,4.5,Afternoon Run
2025-04-11,0.72,7.7,3.0,cd
2025-04-11,3.3,20.1,9.0,track workout
2025-04-11,1.16,11.0,4.5,wu
2025-04-12,4.77,45.0,4.5,easy
2025-04-13,2.19,20.7,4.5,pre meet!!
2025-04-14,1.01,9.9,4.5,wu
2025-04-15,5.42,45.1,6.0,Afternoon Run
2025-04-15,0.5,2.9,9.0,Evening Run
2025-04-15,1.01,12.5,3.0,cd
2025-04-16,1.06,10.4,4.5,cd
2025-04-16,1.93,11.3,9.0,Afternoon Run
2025-04-16,1.14,9.6,6.0,wu
2025-04-17,5.05,45.9,4.5,easy
2025-04-18,0.5,5.7,3.0,cd
2025-04-18,4.46,35.0,6.0,fartlek
2025-04-18,1.04,9.9,4.5,wu
2025-04-19,8.01,68.5,4.5,Morning Run
2025-04-21,1.01,10.6,3.0,cd
2025-04-21,2.24,15.0,9.0,track workout
2025-04-21,0.96,9.1,4.5,wu
2025-04-22,5.27,45.7,4.5,Afternoon Run
2025-04-23,0.17,2.0,3.0,short cd
2025-04-23,0.7,3.7,9.0,6x200m
2025-04-23,2.38,16.9,7.5,Tempo
2025-04-23,1.25,11.1,4.5,wu
2025-04-24,5.37,48.4,4.5,easy
2025-04-25,3.44,31.9,4.5,pre-meet
2025-04-26,0.45,5.5,3.0,cd
2025-04-26,2.0,12.5,9.0,3200m
2025-04-26,0.91,9.2,3.0,wu
2025-04-28,0.68,7.0,3.0,cd
2025-04-28,2.5,15.8,9.0,track workout!!
2025-04-28,0.28,1.6,9.0,strides
2025-04-28,1.12,11.0,4.5,wu
2025-04-29,5.16,43.1,6.0,Afternoon Run
2025-04-30,0.56,5.8,3.0,cd
2025-04-30,1.43,8.0,9.0,track workout
2025-04-30,1.11,9.0,6.0,wu
2025-05-01,3.31,31.8,4.5,pre-meet
2025-05-03,5.68,51.3,4.5,Lunch Run
2025-05-03,0.83,9.8,3.0,Night Run
2025-05-03,0.85,10.1,3.0,Evening Run
2025-05-05,0.76,8.1,3.0,cd
2025-05-05,2.21,14.2,9.0,Afternoon Run
2025-05-05,1.14,10.8,4.5,wu
2025-05-06,2.81,26.9,4.5,pre-meet
2025-05-07,0.69,7.4,3.0,Evening Run
2025-05-08,4.2,45.0,3.0,Afternoon Run
2025-05-08,0.5,2.9,9.0,Evening Run
2025-05-08,1.84,19.9,3.0,Evening Run
2025-05-09,2.79,28.5,3.0,pre-meet
2025-05-10,0.5,2.9,9.0,Afternoon Run
2025-05-10,3.13,25.7,6.0,Afternoon Run
2025-05-10,0.39,5.3,3.0,Afternoon Run
2025-05-10,0.75,8.2,3.0,Lunch Run
2025-05-11,0.65,7.3,3.0,Evening Run
2025-05-12,1.55,17.3,3.0,cd
2025-05-12,1.07,6.0,9.0,Post AP Calc. BC exam workout!!
2025-05-12,1.24,9.9,6.0,wu
2025-05-13,3.01,27.2,4.5,pre-meet
2025-05-14,2.0,13.1,9.0,3200m
2025-05-14,0.6,7.8,3.0,cd
2025-05-14,1.01,11.0,3.0,wu
2025-05-16,0.34,4.0,3.0,cd
2025-05-16,0.78,3.8,9.0,track workout
2025-05-16,1.11,11.3,3.0,wu
2025-05-17,4.78,43.9,4.5,fun run with the team!!
2025-05-19,0.46,4.8,3.0,cd
2025-05-19,1.46,9.3,9.0,track workout
2025-05-19,1.13,9.1,6.0,wu
2025-05-20,2.43,25.0,3.0,Pre-meet
2025-05-21,2.42,25.1,3.0,Pre-meet
2025-05-22,1.51,16.3,3.0,cd
2025-05-22,2.0,12.6,9.0,conference
2025-05-22,0.94,9.7,3.0,wu
2025-05-23,4.57,41.4,4.5,Proud of you bro.
2025-05-24,0.51,5.7,3.0,cd
2025-05-24,2.17,14.9,7.5,shorter tempo
2025-05-24,1.21,11.6,4.5,wu
2025-05-26,2.64,26.4,4.5,pre-meet
2025-05-27,0.54,5.5,3.0,Evening Run
2025-05-28,6.04,53.1,4.5,Morning Run
2025-05-28,2.0,13.2,9.0,regionals
2025-05-28,0.7,8.4,3.0,Evening Run
2025-05-29,1.0,11.8,3.0,cd
2025-05-29,2.81,16.8,9.0,contemplating on whether I should do the wisco mile or not
2025-05-29,1.12,12.0,3.0,Afternoon Run
2025-05-30,6.09,52.7,4.5,Morning Run
2025-05-31,5.21,45.0,4.5,Afternoon Run
2025-06-02,0.69,7.7,3.0,cd
2025-06-02,1.42,7.5,9.0,track workout
2025-06-02,1.12,13.9,3.0,wu
2025-06-03,4.3,40.0,4.5,Afternoon Run
2025-06-04,1.01,12.6,3.0,cd
2025-06-04,0.98,6.3,9.0,Afternoon Run
2025-06-04,1.08,11.3,3.0,wu
2025-06-05,6.04,50.2,6.0,Afternoon Run
2025-06-06,6.1,51.5,6.0,Morning Run
2025-06-07,17.02,145.5,4.5,17!
2025-06-23,2.76,25.0,4.5,first run back!!
2025-06-24,3.07,27.0,4.5,day 2!
2025-06-25,3.42,29.0,6.0,Morning Run
2025-06-26,3.67,31.0,6.0,Humidity is still alive рҹҳ® рҹҳ°
2025-06-27,4.01,33.5,6.0,Morning Run
2025-06-28,4.13,35.0,6.0,Morning Run
2025-07-01,4.33,37.0,4.5,Morning Run
2025-07-01,6.0,50.6,6.0,Evening Run
2025-07-02,4.52,38.9,4.5,Morning Run
2025-07-03,4.85,41.0,6.0,Morning Run
2025-07-04,5.1,43.0,6.0,Morning Run
2025-07-06,6.01,50.6,6.0,Evening Run
2025-07-07,3.01,22.9,7.5,Morning Run
2025-07-08,6.01,50.9,6.0,Morning Run
2025-07-09,6.01,51.9,4.5,Morning Run
2025-07-10,1.4,12.6,4.5,cd
2025-07-10,1.69,12.2,7.5,Morning Run
2025-07-10,1.14,10.7,4.5,wu
2025-07-11,6.0,53.5,4.5,holy humidity
2025-07-12,6.01,51.0,6.0,Morning Run
2025-07-14,6.0,50.7,6.0,Evening Run
2025-07-14,0.25,2.2,4.5,RIP Treadmill
2025-07-15,6.01,51.8,4.5,Morning Run
2025-07-16,1.02,6.7,9.0,Morning Run
2025-07-16,2.01,15.5,7.5,wu
2025-07-17,6.01,50.8,6.0,Morning Run
2025-07-18,6.03,49.6,6.0,Morning Run
2025-07-20,6.01,51.1,4.5,Morning Run
2025-07-21,6.0,50.0,6.0,Lunch Run
2025-07-22,6.0,51.3,4.5,Morning Run
2025-07-23,6.01,51.3,4.5,rainy run рҹҢ§пёҸ
2025-07-24,6.0,51.3,4.5,Morning Run
2025-07-25,6.01,52.1,4.5,Morning Run
2025-07-26,6.0,51.5,4.5,Morning Run
2025-07-28,7.0,59.5,4.5,Morning Run
2025-07-29,4.01,34.8,4.5,Morning Run
2025-07-30,10.01,86.2,4.5,Morning Run
2025-08-01,6.0,49.4,6.0,Afternoon Run
2025-08-02,6.0,48.1,6.0,Afternoon Run
2025-08-04,6.0,48.2,6.0,Afternoon Run
2025-08-05,3.01,26.6,4.5,Morning Run
2025-08-06,7.0,59.0,6.0,Morning Run
2025-08-07,6.01,52.1,4.5,Morning Run
2025-08-08,5.17,46.4,4.5,Morning Run
2025-08-09,6.0,52.1,4.5,Morning Run
2025-08-11,6.0,52.7,4.5,Morning Run
2025-08-12,6.25,53.9,4.5,Morning Run
2025-08-13,1.48,13.7,4.5,Morning Run
2025-08-13,5.0,43.3,4.5,Morning Run
2025-08-14,6.14,52.2,4.5,Morning Run
2025-08-15,3.03,29.2,4.5,Best trio вҳәпёҸ рҹ’—
2025-08-16,6.0,49.6,6.0,Morning Run
2025-08-18,7.01,61.1,4.5,new route рҹҳҠ
2025-08-19,6.01,51.4,4.5,Morning Run
2025-08-20,6.01,52.6,4.5,Morning Run
2025-08-21,6.01,51.4,4.5,Morning Run
2025-08-22,4.28,36.8,4.5,Morning Run
2025-08-23,10.0,86.7,4.5,Morning Run
2025-08-24,4.17,36.0,4.5,Morning Run
2025-08-26,6.15,51.8,6.0,Morning Run
2025-08-27,6.08,50.0,6.0,Morning Run
2025-08-28,6.0,49.5,6.0,Morning Run
2025-08-29,6.01,51.7,4.5,Lunch Run
2025-08-30,6.02,51.5,4.5,Morning Run
2025-09-01,6.0,51.8,4.5,Morning Run
2025-09-02,4.43,37.5,6.0,Morning Run
2025-09-03,9.05,83.1,4.5,First day of classes рҹҳҶ!!
2025-09-04,6.04,50.8,6.0,Morning Run
2025-09-05,2.41,20.3,6.0,Afternoon Run
2025-09-05,3.03,22.1,7.5,Afternoon Run
2025-09-06,6.01,52.4,4.5,Evening Run
2025-09-08,6.02,50.6,6.0,Morning Run
2025-09-09,6.0,51.4,4.5,Morning Run
2025-09-10,10.02,91.6,4.5,Morning Run
2025-09-12,6.0,47.9,6.0,Morning Run
2025-09-13,6.01,51.5,4.5,Morning Run
2025-09-14,3.36,29.1,4.5,b-day run:)
2025-09-15,6.04,52.0,4.5,Morning Run
2025-09-16,6.04,51.9,4.5,Morning Run
2025-09-17,10.44,94.1,4.5,Morning Run
2025-09-19,6.07,53.1,4.5,Morning Run
2025-09-20,6.01,51.8,4.5,Morning Run
2025-09-21,6.01,48.1,6.0,Morning Run
2025-09-22,6.01,50.5,6.0,Morning Run
2025-09-23,6.06,52.2,4.5,Morning Run
2025-09-26,6.05,52.5,4.5,Morning Run
2025-09-26,3.03,23.1,7.5,Evening Run
2025-09-27,6.12,52.2,4.5,Evening Run
2025-09-28,6.01,54.2,4.5,Afternoon Run
2025-09-29,6.01,52.0,4.5,Morning Run
2025-09-30,6.04,53.1,4.5,Morning Run
2025-10-01,10.69,107.4,3.0,Morning Run
2025-10-03,6.05,52.9,4.5,Morning Run
2025-10-04,6.01,53.4,4.5,Morning Run
2025-10-05,6.0,48.7,6.0,Morning Run
2025-10-06,6.04,51.4,4.5,lЙӘЕӢЛҲЙЎwЙӘstЙӘks ЙӘЙЎЛҲzГҰm tЙҷЛҲdeЙӘ рҹҳұ
2025-10-07,6.0,50.7,6.0,Morning Run
2025-10-08,6.06,51.9,4.5,Afternoon Run
2025-10-10,6.03,53.8,4.5,Running in the dark is funn рҹҳҒ
2025-10-11,3.26,28.8,4.5,Morning Run
2025-10-12,3.08,22.3,7.5,fun run:)
2025-10-12,1.35,12.8,4.5,wu
2025-10-13,6.08,52.2,4.5,Morning Run
2025-10-14,6.02,52.1,4.5,Morning Run
2025-10-15,9.43,94.1,4.5,refreshing runрҹҢ§пёҸ
2025-10-17,6.16,53.7,4.5,new route:)
2025-10-18,6.07,50.6,6.0,Lunch Run
2025-10-19,3.02,22.5,7.5,Lunch Run
2025-10-20,6.0,51.9,4.5,Morning Run
2025-10-22,10.6,102.1,4.5,Morning Run
2025-10-23,6.03,51.2,6.0,Morning Run
2025-10-24,6.01,50.8,6.0,Friyayyy!!
2025-10-25,6.13,49.6,6.0,Lunch Run
2025-10-26,3.01,24.4,6.0,Lunch Run
2025-10-27,6.37,54.7,4.5,Morning Run
2025-10-28,6.02,50.6,6.0,Morning Run
2025-10-29,6.04,52.2,4.5,Morning Run
2025-10-31,6.02,51.7,4.5,happy halloween рҹҺғ
2025-11-01,6.25,48.2,7.5,guess which mile my fav song hit рҹӨӯ
2025-11-02,6.04,50.1,6.0,Morning Run
2025-11-05,6.01,51.7,4.5,gotta love midterms
2025-11-05,3.01,24.4,6.0,Night Run
2025-11-06,6.13,49.4,6.0,Morning Run
2025-11-06,0.17,0.9,9.0,Night Run
2025-11-07,6.08,51.1,6.0,friyayy:)
2025-11-08,5.01,44.9,4.5,Morning Run
2025-11-08,2.02,19.7,4.5,Morning Run
2025-11-09,6.01,51.4,4.5,Morning Run
2025-11-10,6.0,51.5,4.5,Morning Run
2025-11-11,6.01,52.1,4.5,вқ„пёҸвқ„пёҸвқ„пёҸ
2025-11-14,6.05,51.4,6.0,Afternoon Run
2025-11-14,3.23,23.0,7.5,Night Run
2025-11-16,14.01,120.6,4.5,running therapy рҹ«¶
2025-11-16,3.02,23.6,6.0,Night Run
2025-11-17,6.01,52.6,4.5,Morning Run
2025-11-20,6.06,52.9,4.5,Morning Run
2025-11-20,3.07,25.1,6.0,Night Run
2025-11-21,6.01,51.9,4.5,Morning Run
2025-11-23,12.01,104.0,4.5,Lunch Run
2025-11-23,3.12,25.2,6.0,Evening Run
2025-11-24,6.05,52.1,4.5,Morning Run
2025-11-26,3.0,25.0,6.0,on the dreadmil
2025-11-27,6.01,52.9,4.5,Lunch Run
2025-11-28,6.02,52.5,4.5,Afternoon Run
2025-11-29,6.03,50.5,6.0,вҖҰReady for it? рҹҺө
2025-11-30,3.1,25.5,6.0,Morning Run
2025-12-01,6.01,52.0,4.5,Morning Run
2025-12-04,6.04,52.2,4.5,Afternoon Run
2025-12-04,3.0,22.0,7.5,Night Run
2025-12-05,6.01,51.8,4.5,Afternoon Run
2025-12-06,6.02,51.9,4.5,Lunch Run
2025-12-07,3.0,22.5,7.5,run on the treadyy:/
2025-12-08,6.01,51.8,4.5,Morning Run
2025-12-10,6.04,52.5,4.5,Afternoon Run
2025-12-11,6.03,51.7,4.5,Lunch Run
2025-12-13,6.37,52.0,6.0,Morning Run
2025-12-16,6.0,51.0,4.5,Afternoon Run
2025-12-17,6.04,50.8,6.0,Afternoon Run
2025-12-18,6.71,57.5,4.5,6-7 рҹӨ·вҖҚвҷҖпёҸ
2025-12-19,6.01,56.1,4.5,bugline = not clean рҹҷ…вҖҚвҷҖпёҸ
2025-12-20,7.01,62.2,4.5,Lunch Run
2025-12-22,6.01,53.6,4.5,reunited рҹҳҠ
2025-12-23,6.38,56.6,4.5,Lunch Run
2025-12-24,6.2,55.5,4.5,Morning Run
2025-12-25,6.01,49.9,6.0,Afternoon Run
2025-12-26,6.06,52.5,4.5,Lunch Run
2025-12-27,1.03,9.5,4.5,letвҖҷs call it the dirty mile back рҹӨ·вҖҚвҷҖпёҸ
2025-12-27,5.39,41.0,7.5,Afternoon Run
2025-12-29,6.0,50.0,6.0,Afternoon Run
2025-12-30,6.21,52.5,6.0,Afternoon Run
2025-12-31,6.4,52.5,6.0,last run of the year
2026-01-01,6.02,50.3,6.0,Afternoon Run
2026-01-02,6.14,50.5,6.0,Afternoon Run
2026-01-03,4.01,30.5,7.5,Lunch Run
2026-01-05,6.09,50.5,6.0,Lunch Run
2026-01-06,8.0,69.0,4.5,Afternoon Run
2026-01-07,6.14,53.1,4.5,Lunch Run
2026-01-08,3.15,30.1,4.5,shorts weather рҹӨ”
2026-01-09,3.01,30.3,3.0,Afternoon Run
2026-01-11,6.0,52.5,4.5,Lunch Run
2026-01-12,6.15,56.7,4.5,Afternoon Run
2026-01-13,10.01,90.8,4.5,ummm helloвҖҰ January you still there?!
2026-01-15,6.0,51.4,4.5,Lunch Run
2026-01-17,6.0,50.0,6.0,Afternoon Run
2026-01-17,3.6,27.0,7.5,Evening Run
2026-01-18,6.0,50.0,6.0,Morning Run
2026-01-19,6.01,51.5,4.5,Morning Run
2026-01-20,6.05,51.0,6.0,Morning Run
2026-01-21,6.06,52.4,4.5,first run outside in a while!
2026-01-22,6.24,50.7,6.0,Morning Run
2026-01-24,6.0,51.7,4.5,Morning Run
2026-01-25,6.21,51.7,6.0,Morning Run
2026-01-26,6.37,52.2,6.0,Morning Run
2026-01-28,6.09,51.2,6.0,Morning Run
2026-01-29,6.01,51.8,4.5,Afternoon Run
2026-01-30,2.52,19.8,6.0,run pt.2 (got bored of running in one pace рҹҳӯ)
2026-01-30,3.48,30.2,4.5,run pt 1.
2026-01-31,6.01,51.4,4.5,nice out + trail clear рҹҳҠ
2026-02-01,6.04,51.4,4.5,Morning Run
2026-02-02,6.03,52.5,4.5,вқ„пёҸвқ„пёҸ
2026-02-04,6.0,51.4,4.5,Black tie w chicory = рҹҗҗрҹ‘‘
2026-02-05,6.01,49.9,6.0,Afternoon Run
2026-02-06,6.77,58.0,4.5,Morning Run
2026-02-07,6.02,51.6,4.5,Morning Run
2026-02-08,6.02,51.2,4.5,Lunch Run
2026-02-09,6.05,52.0,4.5,beautiful out today рҹӨ—
2026-02-11,6.0,52.3,4.5,Morning Run
2026-02-12,6.03,50.4,6.0,feels like is 40 degrees рҹҷҖрҹҷҖ
2026-02-13,6.09,50.1,6.0,Morning RunрҹҢһ
2026-02-14,14.13,121.2,4.5,14 with my fav вҳәпёҸ
2026-02-15,6.02,50.5,6.0,Lunch Run
2026-02-16,6.01,51.8,4.5,Morning Run
2026-02-17,6.04,50.4,6.0,Afternoon Run
2026-02-18,6.07,51.8,4.5,Morning Run
2026-02-19,6.04,50.5,6.0,Afternoon Run
2026-02-20,6.01,51.1,4.5,Afternoon Run
2026-02-21,6.02,51.8,4.5,Morning Run
2026-02-22,6.07,51.7,4.5,Afternoon Run
2026-02-23,6.02,52.0,4.5,вқ„пёҸвқ„пёҸ рҹ«¶
2026-02-26,6.04,50.9,6.0,Afternoon Run
2026-02-26,4.0,32.9,6.0,Night Run
2026-02-28,6.04,52.0,4.5,Morning Run
2026-03-02,6.03,52.1,4.5,Morning Run
2026-03-04,6.04,51.5,4.5,Morning Run
2026-03-05,6.02,50.4,6.0,Afternoon Run
2026-03-06,6.03,53.0,4.5,Afternoon Run
2026-03-07,6.06,52.1,4.5,Morning Run
2026-03-08,6.02,51.5,4.5,Morning Run
2026-03-09,6.05,50.7,6.0,Morning Run
2026-03-10,6.02,49.8,6.0,beat the rain рҹҢ§пёҸ рҹҳҶ
2026-03-11,6.08,52.7,4.5,Morning Run
2026-03-12,6.0,51.1,4.5,Afternoon Run
2026-03-13,6.04,53.0,4.5,windy today рҹҢӘпёҸ
2026-03-15,4.34,36.5,6.0,Hail was not fun рҹҳӯ
2026-03-16,6.01,50.8,6.0,Treadyy
2026-03-18,6.05,50.8,6.0,Evening Run
2026-03-19,8.1,73.0,4.5,Morning Run
2026-03-20,6.04,52.0,4.5,Evening Run
2026-03-21,6.01,53.2,4.5,Morning Run
2026-03-22,6.02,52.5,4.5,Lunch Run
2026-03-23,6.01,51.9,4.5,Morning Run
2026-03-26,6.35,51.1,6.0,Afternoon Run
2026-03-27,6.06,52.3,4.5,Morning Run
2026-03-28,10.04,84.7,6.0,Afternoon Run
2026-03-29,6.04,55.0,4.5,Morning Run
2026-03-30,6.0,55.0,4.5,Afternoon Run
2026-03-31,6.05,52.2,4.5,Lunch Run
2026-04-01,7.62,60.4,6.0,Evening Run
2026-04-02,6.01,52.6,4.5,Evening Run
2026-04-03,6.02,53.1,4.5,Lunch Run
2026-04-05,8.01,68.7,4.5,Morning Run
2026-04-06,6.03,51.9,4.5,Morning Run
2026-04-07,6.04,48.0,6.0,Afternoon Run
2026-04-08,6.01,52.6,4.5,Morning Run
2026-04-10,7.02,59.7,4.5,Afternoon Run
2026-04-11,4.04,35.1,4.5,Lunch Run
2026-04-11,2.23,23.3,3.0,Lunch Run
2026-04-12,6.09,52.4,4.5,Lunch Run
2026-04-13,6.04,51.7,4.5,Morning Run
2026-04-15,6.03,52.3,4.5,Morning Run
2026-04-16,6.01,50.3,6.0,Afternoon Run
2026-04-17,6.02,51.2,4.5,Morning Run
2026-04-18,6.01,51.0,6.0,Lunch Run
2026-04-20,6.0,50.8,6.0,Morning Run
2026-04-22,6.02,51.6,4.5,Morning Run
2026-04-24,8.06,68.7,4.5,Yayyy itвҖҷs friyay рҹҳҶ
2026-04-25,6.05,52.1,4.5,Evening Run
2026-04-26,6.01,51.8,4.5,Lunch Run
2026-04-27,6.05,51.5,4.5,Morning Run
2026-04-29,6.03,52.0,4.5,Morning Run
2026-04-30,6.03,51.3,4.5,Afternoon Run
2026-05-02,6.03,52.0,4.5,sleep = best medicine
2026-05-03,6.02,52.6,4.5,wisconsin weather is so bipolar
2026-05-04,6.04,52.0,4.5,omg so pretty out today рҹҳҠ
2026-05-06,6.01,51.3,4.5,Lunch Run
2026-05-08,6.02,64.0,3.0,omg done with finals рҹҘірҹҺүвң…
2026-05-09,4.45,39.2,4.5,Morning Run
2026-05-10,9.01,78.2,4.5,miss my madison ppl рҹ«¶
2026-05-11,6.0,51.4,4.5,Evening Run
2026-05-12,6.0,55.1,4.5,omg itвҖҷs hot out
2026-05-13,4.0,34.3,4.5,Morning Run
2026-05-14,6.71,57.7,4.5,6-7 рҹҳқ
2026-05-15,6.0,52.1,4.5,Morning Run
2026-05-17,6.04,53.8,4.5,pov you try to start ur mornings early:/
2026-05-18,6.03,56.2,4.5,Morning Run
2026-05-19,6.01,52.4,4.5,Morning Run
2026-05-20,6.02,52.6,4.5,Morning Run
2026-05-21,6.01,49.6,6.0,Morning Run
2026-05-22,1.01,9.1,4.5,cd
2026-05-22,3.0,22.4,7.5,faster рҹҳҠ
2026-05-22,1.04,8.8,6.0,wu
2026-05-23,6.03,52.8,4.5,Morning Run
2026-05-25,4.01,35.5,4.5,Morning Run
2026-05-26,6.01,52.7,4.5,Morning Run
2026-05-27,6.01,52.9,4.5,Morning Run
2026-05-28,6.03,53.2,4.5,Morning Run
2026-05-29,6.03,52.6,4.5,Morning Run
2026-05-30,6.03,52.0,4.5,Morning Run
2026-06-01,5.02,39.3,6.0,Morning Run
2026-06-02,6.01,47.1,6.0,Morning Run
2026-06-03,6.01,47.7,6.0,Morning Run
2026-06-04,4.01,38.3,4.5,Morning Run
2026-06-06,8.02,66.7,6.0,Evening Run
2026-06-07,6.01,58.0,4.5,hot hot hot
2026-06-08,5.01,46.8,4.5,Pike Lake!!
2026-06-09,6.08,60.2,4.5,Morning Run
2026-06-10,6.0,52.0,4.5,Morning Run
2026-06-11,4.02,35.6,4.5,Morning Run
2026-06-12,20.03,182.7,4.5,Casual Run рҹӨ·вҖҚвҷҖпёҸ
2026-06-14,6.02,56.1,4.5,Morning Run
2026-06-15,6.19,55.8,4.5,Morning Run
2026-06-16,4.01,33.7,6.0,oof imma take a nice long nap today
2026-06-17,6.15,52.1,6.0,rainy run рҹҢ§пёҸ
2026-06-18,5.0,44.4,4.5,Morning Run
2026-06-19,6.09,52.6,4.5,Morning Run
2026-06-20,6.01,52.5,4.5,Morning Run
2026-06-23,6.01,54.4,4.5,Morning Run
2026-06-23,6.02,51.8,4.5,Evening Run
2026-06-24,6.52,58.4,4.5,Afternoon Run
2026-06-26,4.01,37.6,4.5,Lunch Run
2026-06-26,2.75,26.8,4.5,shakeout ig рҹӨ·вҖҚвҷҖпёҸ
2026-06-26,6.71,51.3,7.5,6-7 рҹҳқ
2026-06-27,6.07,52.5,4.5,Morning Run
2026-06-29,6.02,53.1,4.5,Morning Run
2026-06-30,6.01,56.0,4.5,Morning Run
2026-07-01,6.03,60.1,4.5,Morning Run
2026-07-02,6.01,55.9,4.5,Morning Run
2026-07-03,4.01,35.9,4.5,Morning Run
2026-07-04,8.36,74.0,4.5,Morning Run
2026-07-06,6.09,55.5,4.5,Morning Run
2026-07-07,6.0,52.0,4.5,Afternoon Run
2026-07-08,5.01,46.9,4.5,Morning Run
2026-07-09,6.3,58.9,4.5,Morning Run
2026-07-10,3.35,28.8,4.5,Lunch Run
2026-07-11,6.27,55.8,4.5,Morning Run
2026-07-14,5.52,49.6,4.5,Morning Run
2026-07-14,7.02,58.0,6.0,Evening Run
